﻿Date,Name,Stadium,Location,Latitude,Longitude
29.09,חתול בשק,בארבי,תל אביב,32.0852997,34.7818064
29.09,היהודים באים: השירים והסיפורים,מועדון שבלול,תל אביב,32.0852997,34.7818064
29.09,לשמוע אל התפילה - בהשתתפות קובי פרץ וחננאל אוחנה,המשכן לאמנויות הבמה,באר שבע,31.25088285,34.791280348955596
29.09,הפרויקט של רביבו,גריי,מודיעין,31.9085744,35.0069297
30.09,ארבעת האבות ~ מחווה לאבות המייסדים של המוסיקה הישראלית,בר גיורא,תל אביב,32.0852997,34.7818064
30.09,אלון אולארצ'יק,מועדון שבלול,תל אביב,32.0852997,34.7818064
30.09,דודו פישר,המשכן לאמנויות הבמה,באר שבע,31.25088285,34.791280348955596
30.09,ישי ריבו,היכל הפיס ארנה,ירושלים,31.7788242,35.2257626
30.09,מסיבת כיתה,"מיוזיק סיטי, באר שבע",באר שבע,31.25088285,34.791280348955596
30.09,נמרוד הראל,זאפה ירושלים,ירושלים,31.7788242,35.2257626
1.1,שרים אריק איינשטיין,בר גיורא,תל אביב,32.0852997,34.7818064
1.1,אלון אולארצ'יק,מועדון שבלול,תל אביב,32.0852997,34.7818064
1.1,‏The Bench מארחים את יהלי סובול (מוניקה סקס),רידינג 3,תל אביב,32.0852997,34.7818064
3.1,קונצרט תפילה קול נדרי של דודו פישר,בית החייל,תל אביב,32.0852997,34.7818064
3.1,מחווה לריי צ'ארלס,מועדון שבלול,תל אביב,32.0852997,34.7818064
3.1,Madonna ~ Acoustic Tribute Show,בר גיורא,תל אביב,32.0852997,34.7818064
3.1,רוקוויל,גריי,יהוד,32.0331756,34.8907527
4.1,חמישית אמזונס במחווה לז'ובים,מועדון שבלול,תל אביב,32.0852997,34.7818064
4.1,הביטלס באקוסטי,בר גיורא,תל אביב,32.0852997,34.7818064
4.1,המחווה לבוב מארלי,הוואנה מיוזיק קלאב,תל אביב,32.0852997,34.7818064
4.1,עינת שרוף,גריי,יהוד,32.0331756,34.8907527
5.1,אלון עדר,בארבי,תל אביב,32.0852997,34.7818064
5.1,תפוח בדבש עם אורי הרפז ויוסי גרושקה,תיאטרון חולון,חולון,32.01599895,34.78595635978459
5.1,גיא מינטוס ונעמה נחום,מועדון שבלול,תל אביב,32.0852997,34.7818064
5.1,דני סנדרסון,גריי,מודיעין,31.9085744,35.0069297
8.1,מופע סליחות,בריכת הסולטן,ירושלים,31.7788242,35.2257626
8.1,גיל שוחט - רסיטל בטהובן,מועדון שבלול,תל אביב,32.0852997,34.7818064
8.1,אתי אנקרי - אור חדש (מופע סליחות),הפארק האקולוגי,הוד השרון,32.14605765,34.87498387163954
9.1,מופע סליחות,בריכת הסולטן,ירושלים,31.7788242,35.2257626
9.1,קרניבנד,בית יד לבנים,רעננה,32.1860244,34.8678359
9.1,קרניבנד,בית יד לבנים,רעננה,32.1860244,34.8678359
9.1,יונתן רזאל,תיאטרון ירושלים,ירושלים,31.7788242,35.2257626
10.1,"הגבעטרון מצדיעים לחטיבת הנח""ל","אמפי אנדרטת הנח”ל, פרדס חנה",פרדס חנה,32.475255700000005,34.98263990052986
10.1,יהודה עדר ואנדי ווטס - מדילן לתמוז,מועדון שבלול,תל אביב,32.0852997,34.7818064
10.1,אתניקס,בארבי,תל אביב,32.0852997,34.7818064
10.1,טריפונס,גריי,יהוד,32.0331756,34.8907527
15.1,נינט טייב,בארבי,תל אביב,32.0852997,34.7818064
15.1,החברים של נטאשה 30 שנות יצירה,המשכן לאמנויות הבמה,אשדוד,31.7977314,34.6529922
15.1,להקת פורטיון (Fourtune) מציגה: ניינטיז וחיות אחרות,באבי בר,הוד השרון,32.14605765,34.87498387163954
17.1,חואניטה כהן סמית,מועדון שבלול,תל אביב,32.0852997,34.7818064
17.1,יאיר דלאל בהוקרה לג'ון מאייל,מועדון שבלול,תל אביב,32.0852997,34.7818064
17.1,עטר מיינר,בארבי,תל אביב,32.0852997,34.7818064
17.1,אברהם טל,זאפה אמפי שוני,בנימינה,32.5202891,34.9435862
17.1,אברהם טל,זאפה אמפי שוני,בנימינה,32.5202891,34.9435862
17.1,אלון עדר,זאפה חיפה,חיפה,32.8191218,34.9983856
17.1,לייב אייד Live Aid - מופע הענק משנות ה-80,גריי תל אביב,תל אביב,32.0852997,34.7818064
18.1,חיים משה,המשכן לאמנויות הבמה,אשדוד,31.7977314,34.6529922
18.1,סינגולדה,זאפה הרצליה,הרצליה,32.1676842,34.83082794429146
18.1,Boogie-Woogie Blues,מועדון שבלול,תל אביב,32.0852997,34.7818064
18.1,"נפגשים על הדשא - מופע מחווה לאריק איינשטיין, שלום חנוך ומאיר אריאל",גריי תל אביב,תל אביב,32.0852997,34.7818064
18.1,"נפגשים על הדשא - מופע מחווה לאריק איינשטיין, שלום חנוך ומאיר אריאל",גריי תל אביב,תל אביב,32.0852997,34.7818064
18.1,אינדי ילד - שרים גידי גוב,זאפה אמפי שוני,בנימינה,32.5202891,34.9435862
18.1,"ג׳ימבו ג׳יי, פלד, הדג נחש - לילות אהבה בצמח",בית גבריאל כנרת,בית גבריאל,32.7051807,35.58947956706506
18.1,שלום חנוך,בארבי,תל אביב,32.0852997,34.7818064
18.1,איתי פרל ותזמורת הג'אז הישראלית,מועדון שבלול,תל אביב,32.0852997,34.7818064
18.1,המחווה לסיימון וגרפינקל - sound of silence: מוני ארנון רני משען והלהקה,הוואנה מיוזיק קלאב,תל אביב,32.0852997,34.7818064
18.1,הכל עובר חביבי,גריי,יהוד,32.0331756,34.8907527
19.1,Lazer Lloyd Band,מועדון שבלול,תל אביב,32.0852997,34.7818064
19.1,דויד ברוזה - 40 שנה לאשה שאיתי,הפארק האקולוגי,הוד השרון,32.14605765,34.87498387163954
19.1,עידן רייכל,זאפה לייב פארק,ראשון לציון,31.9747693,34.778333959019605
19.1,תמיר גרינברג ומארינה מקסימיליאן – לילות אהבה בצמח,בית גבריאל כנרת,בית גבריאל,32.7051807,35.58947956706506
19.1,פול טראנק,בארבי,תל אביב,32.0852997,34.7818064
19.1,עושות שורשים - ירדנה ארזי ואודיה קורן,המשכן לאמנויות הבמה,אשדוד,31.7977314,34.6529922
19.1,"נפגשים על הדשא - מופע מחווה לאריק איינשטיין, שלום חנוך ומאיר אריאל",קלצ'ר,ראשון לציון,31.9747693,34.778333959019605
19.1,רוקוויל - מחווה לאבבא,גריי,מודיעין,31.9085744,35.0069297
20.1,התקווה 6,זאפה אמפי שוני,בנימינה,32.5202891,34.9435862
20.1,הסימפונית ירושלים - בקצב חגיגי (תל אביב),אוניברסיטת תל-אביב,תל אביב,32.0852997,34.7818064
20.1,נגה ארז,בארבי,תל אביב,32.0852997,34.7818064
20.1,שרית חדד,זאפה לייב פארק,ראשון לציון,31.9747693,34.778333959019605
21.1,עלמה זהר,זאפה חיפה,חיפה,32.8191218,34.9983856
21.1,הסימפונית ירושלים - בקצב חגיגי,תיאטרון ירושלים,ירושלים,31.7788242,35.2257626
21.1,יסמין מועלם ופול טראנק - לילות אהבה בצמח,בית גבריאל כנרת,בית גבריאל,32.7051807,35.58947956706506
21.1,אסתר רדא,מועדון שבלול,תל אביב,32.0852997,34.7818064
22.1,D.N.A - מיומנה לכל המשפחה,היכל התיאטרון,קריית מוצקין,32.8363747,35.0752109
22.1,D.N.A - מיומנה לכל המשפחה,היכל התיאטרון,קריית מוצקין,32.8363747,35.0752109
22.1,ענן על מקל,זאפה הרצליה,הרצליה,32.1676842,34.83082794429146
22.1,D.N.A - מיומנה לכל המשפחה,היכל התיאטרון,קריית מוצקין,32.8363747,35.0752109
22.1,הסימפונית ירושלים - בקצב חגיגי (באר שבע),המשכן לאמנויות הבמה,באר שבע,31.25088285,34.791280348955596
22.1,הגבעטרון מארחים את חנן יובל וגלית גיאת פסטיבל אושפיזין 2024,המשכן לאמנויות הבמה,אשדוד,31.7977314,34.6529922
22.1,NADAV DAGON - FULL 360 LIVE SHOW,הפארק האקולוגי,הוד השרון,32.14605765,34.87498387163954
22.1,חן אהרוני,גריי,תל אביב,32.0852997,34.7818064
23.1,עינת שרוף,גריי,תל אביב,32.0852997,34.7818064
24.1,צוותא - מופע המחווה לשלמה ארצי,בר גיורא,תל אביב,32.0852997,34.7818064
24.1,מופע המחווה לשלמה ארצי,בר גיורא,תל אביב,32.0852997,34.7818064
24.1,וייב איש,הפארק האקולוגי,הוד השרון,32.14605765,34.87498387163954
24.1,רוקוויל,גריי,יהוד,32.0331756,34.8907527
25.1,מרסדס בנד,בארבי,תל אביב,32.0852997,34.7818064
25.1,רוקוויל,זאפה הרצליה,הרצליה,32.1676842,34.83082794429146
25.1,פבלו רוזנברג,זאפה חיפה,חיפה,32.8191218,34.9983856
25.1,מחווה למשפחת בנאי - גרסת הבנאי,הוואנה מיוזיק קלאב,תל אביב,32.0852997,34.7818064
26.1,יסמין מועלם,בארבי,תל אביב,32.0852997,34.7818064
29.1,מופע היובל של דודו פישר עם סימפונט רעננה ושלושת הטנורים,היכל התרבות,בת ים,32.0154565,34.7505283
30.1,קונצרט הצדעה לזמרות הגדולות של העולם עם שירי מימון R-E-S-P-E-C-T,D-one,דרום השרון,32.1335768,34.9109739
30.1,אביתר בנאי,בארבי,תל אביב,32.0852997,34.7818064
30.1,ישי לוי,זאפה חיפה,חיפה,32.8191218,34.9983856
30.1,איציק קלה,גריי,תל אביב,32.0852997,34.7818064
31.1,מוזס סי,היכל התרבות,רחובות,31.8952532,34.8105616
31.1,קרניבנד,תיאטרון חולון,חולון,32.01599895,34.78595635978459
31.1,אביתר בנאי,בארבי,תל אביב,32.0852997,34.7818064
31.1,רוקוויל - המחווה לקווין,הפארק האקולוגי,הוד השרון,32.14605765,34.87498387163954
31.1,יובל דיין,גריי,מודיעין,31.9085744,35.0069297
31.1,טריפונס,גריי,תל אביב,32.0852997,34.7818064
31.1,אלון עדר,הצוללת הצהובה,ירושלים,31.7788242,35.2257626
1.11,יוני רכטר,גריי,מודיעין,31.9085744,35.0069297
1.11,הדג נחש,בארבי,תל אביב,32.0852997,34.7818064
1.11,אלון עדר - מופע סולו,המשכן למוסיקה ואמנויות,רעננה,32.1860244,34.8678359
1.11,פארטי – המחווה ללהיטים הגדולים בכל הזמנים,הוואנה מיוזיק קלאב,תל אביב,32.0852997,34.7818064
1.11,ליאור סושרד,היכל התרבות,ראשון לציון,31.9747693,34.778333959019605
2.11,קרניבנד,היכל התרבות,מעלות תרשיחא,33.0157394,35.2759666
2.11,ליאור סושרד,המשכן לאמנויות הבמה,באר שבע,31.25088285,34.791280348955596
